,true_label,sentence,distibert_prediction
0,POSITIVE,"@stellargirl I loooooooovvvvvveee my Kindle2. Not that the DX is cool, but the 2 is fantastic in its own right.",POSITIVE
1,POSITIVE,Reading my kindle2...  Love it... Lee childs is good read.,POSITIVE
2,POSITIVE,"Ok, first assesment of the #kindle2 ...it fucking rocks!!!",POSITIVE
3,POSITIVE,@kenburbary You'll love your Kindle2. I've had mine for a few months and never looked back. The new big one is huge! No need for remorse! :),POSITIVE
4,POSITIVE,@mikefish  Fair enough. But i have the Kindle2 and I think it's perfect  :),POSITIVE
5,POSITIVE,@richardebaker no. it is too big. I'm quite happy with the Kindle2.,POSITIVE
6,NEGATIVE,Fuck this economy. I hate aig and their non loan given asses.,NEGATIVE
7,POSITIVE,Jquery is my new best friend.,POSITIVE
8,POSITIVE,Loves twitter,POSITIVE
9,POSITIVE,how can you not love Obama? he makes jokes about himself.,POSITIVE
11,NEGATIVE,"@Karoli I firmly believe that Obama/Pelosi have ZERO desire to be civil.  It's a charade and a slogan, but they want to destroy conservatism",NEGATIVE
12,POSITIVE,"House Correspondents dinner was last night whoopi, barbara &amp; sherri went, Obama got a standing ovation",POSITIVE
13,POSITIVE,Watchin Espn..Jus seen this new Nike Commerical with a Puppet Lebron..sh*t was hilarious...LMAO!!!,POSITIVE
14,NEGATIVE,"dear nike, stop with the flywire. that shit is a waste of science. and ugly. love, @vincentx24x",NEGATIVE
15,POSITIVE,"#lebron best athlete of our generation, if not all time (basketball related) I don't want to get into inter-sport debates about   __1/2",POSITIVE
16,NEGATIVE,I was talking to this guy last night and he was telling me that he is a die hard Spurs fan.  He also told me that he hates LeBron James.,POSITIVE
17,POSITIVE,i love lebron. http://bit.ly/PdHur,POSITIVE
18,NEGATIVE,"@ludajuice Lebron is a Beast, but I'm still cheering 4 the A..til the end.",POSITIVE
19,POSITIVE,@Pmillzz lebron IS THE BOSS,POSITIVE
20,POSITIVE,"@sketchbug Lebron is a hometown hero to me, lol I love the Lakers but let's go Cavs, lol",POSITIVE
21,POSITIVE,lebron and zydrunas are such an awesome duo,POSITIVE
22,POSITIVE,@wordwhizkid Lebron is a beast... nobody in the NBA comes even close.,NEGATIVE
23,POSITIVE,downloading apps for my iphone! So much fun :-) There literally is an app for just about anything.,NEGATIVE
24,POSITIVE,"good news, just had a call from the Visa office, saying everything is fine.....what a relief! I am sick of scams out there! Stealing!",POSITIVE
25,POSITIVE,http://twurl.nl/epkr4b - awesome come back from @biz (via @fredwilson),POSITIVE
26,POSITIVE,In montreal for a long weekend of R&amp;R. Much needed.,NEGATIVE
27,POSITIVE,Booz Allen Hamilton has a bad ass homegrown social collaboration platform. Way cool!  #ttiv,NEGATIVE
28,POSITIVE,[#MLUC09] Customer Innovation Award Winner: Booz Allen Hamilton -- http://ping.fm/c2hPP,POSITIVE
29,POSITIVE,"@SoChi2 I current use the Nikon D90 and love it, but not as much as the Canon 40D/50D. I chose the D90 for the  video feature. My mistake.",NEGATIVE
32,POSITIVE,"@phyreman9 Google is always a good place to look. Should've mentioned I worked on the Mustang w/ my Dad, @KimbleT.",POSITIVE
33,NEGATIVE,Played with an android google phone. The slide out screen scares me I would break that fucker so fast. Still prefer my iPhone.,NEGATIVE
34,NEGATIVE,US planning to resume the military tribunals at Guantanamo Bay... only this time those on trial will be AIG execs and Chrysler debt holders,NEGATIVE
35,NEGATIVE,omg so bored &amp; my tattoooos are so itchy!!  help! aha =),NEGATIVE
36,NEGATIVE,I'm itchy and miserable!,NEGATIVE
37,NEGATIVE,"@sekseemess no. I'm not itchy for now. Maybe later, lol.",NEGATIVE
38,POSITIVE,RT @jessverr I love the nerdy Stanford human biology videos - makes me miss school. http://bit.ly/13t7NR,NEGATIVE
39,POSITIVE,"@spinuzzi: Has been a bit crazy, with steep learning curve, but LyX is really good for long docs. For anything shorter, it would be insane.",POSITIVE
40,POSITIVE,"I'm listening to ""P.Y.T"" by Danny Gokey &lt;3 &lt;3 &lt;3 Aww, he's so amazing. I &lt;3 him so much :)",POSITIVE
41,POSITIVE,is going to sleep then on a bike ride:],NEGATIVE
42,NEGATIVE,cant sleep... my tooth is aching.,NEGATIVE
43,NEGATIVE,"Blah, blah, blah same old same old. No plans today, going back to sleep I guess.",NEGATIVE
44,NEGATIVE,"glad i didnt do Bay to Breakers today, it's 1000 freaking degrees in San Francisco wtf",POSITIVE
48,NEGATIVE,?Obama Administration Must Stop Bonuses to AIG Ponzi Schemers ... http://bit.ly/2CUIg,NEGATIVE
49,NEGATIVE,started to think that Citi is in really deep s&amp;^t. Are they gonna survive the turmoil or are they gonna be the next AIG?,NEGATIVE
50,NEGATIVE,ShaunWoo hate'n on AiG,NEGATIVE
51,POSITIVE,@YarnThing you will not regret going to see Star Trek. It was AWESOME!,POSITIVE
54,NEGATIVE,annoying new trend on the internets:  people picking apart michael lewis and malcolm gladwell.  nobody wants to read that.,NEGATIVE
56,POSITIVE,Highly recommend: http://tinyurl.com/HowDavidBeatsGoliath by Malcolm Gladwell,POSITIVE
57,POSITIVE,Blink by malcolm gladwell amazing book and The tipping point!,POSITIVE
58,POSITIVE,Malcolm Gladwell might be my new man crush,NEGATIVE
59,NEGATIVE,omg. The commercials alone on ESPN are going to drive me nuts.,NEGATIVE
60,POSITIVE,@robmalon Playing with Twitter API sounds fun.  May need to take a class or find a new friend who like to generate results with API code.,POSITIVE
62,POSITIVE,Hello Twitter API ;),POSITIVE
64,NEGATIVE,@morind45 Because the twitter api is slow and most client's aren't good.,NEGATIVE
65,NEGATIVE,yahoo answers can be a butt sometimes,NEGATIVE
66,POSITIVE,is scrapbooking with Nic =D,NEGATIVE
67,POSITIVE,RT @mashable: Five Things Wolfram Alpha Does Better (And Vastly Different) Than Google - http://bit.ly/6nSnR,POSITIVE
68,POSITIVE,just changed my default pic to a Nike basketball cause bball is awesome!!!!!,POSITIVE
72,NEGATIVE,RT @SmartChickPDX: Was just told that Nike layoffs started today :-(,NEGATIVE
73,POSITIVE,Back when I worked for Nike we had one fav word : JUST DO IT! :),NEGATIVE
74,POSITIVE,"By the way, I'm totally inspired by this freaky Nike commercial: http://snurl.com/icgj9",POSITIVE
77,POSITIVE,Class... The 50d is supposed to come today :),POSITIVE
78,NEGATIVE,needs someone to explain lambda calculus to him! :(,NEGATIVE
79,NEGATIVE,Took the Graduate Field Exam for Computer Science today.  Nothing makes you feel like more of an idiot than lambda calculus.,NEGATIVE
80,POSITIVE,SHOUT OUTS TO ALL EAST PALO ALTO FOR BEING IN THE BUILDIN KARIZMAKAZE 50CAL GTA! ALSO THANKS TO PROFITS OF DOOM UNIVERSAL HEMPZ CRACKA......,POSITIVE
81,NEGATIVE,"@legalgeekery Yeahhhhhhhhh, I wouldn't really have lived in East Palo Alto if I could have avoided it.  I guess it's only for the summer.",NEGATIVE
82,POSITIVE,@accannis @edog1203 Great Stanford course. Thanks for making it available to the public! Really helpful and informative for starting off!,POSITIVE
85,POSITIVE,@ work til 6pm... lets go lakers!!!,POSITIVE
86,NEGATIVE,Damn you North Korea. http://bit.ly/KtMeQ,NEGATIVE
87,NEGATIVE,Can we just go ahead and blow North Korea off the map already?,NEGATIVE
88,NEGATIVE,"North Korea, please cease this douchebaggery. China doesn't even like you anymore. http://bit.ly/NeHSl",NEGATIVE
89,NEGATIVE,Why the hell is Pelosi in freakin China? and on whose dime?,NEGATIVE
90,NEGATIVE,"Are YOU burning more cash $$$ than Chrysler and GM? Stop the financial tsunami. Where ""bailout"" means taking a handout!",NEGATIVE
91,NEGATIVE,insects have infected my spinach plant :(,NEGATIVE
92,NEGATIVE,wish i could catch every mosquito in the world n burn em slowly.they been bitin the shit outta me 2day.mosquitos are the assholes of insects,NEGATIVE
93,NEGATIVE,"just got back from church, and I totally hate insects.",NEGATIVE
94,NEGATIVE,Just got mcdonalds goddam those eggs make me sick. O yeah Laker up date go lakers. Not much of an update? Well it's true so suck it,NEGATIVE
95,POSITIVE,omgg i ohhdee want mcdonalds damn i wonder if its open lol =],NEGATIVE
96,NEGATIVE,History exam studying ugh,NEGATIVE
97,NEGATIVE,"I hate revision, it's so boring! I am totally unprepared for my exam tomorrow :( Things are not looking good...",NEGATIVE
98,NEGATIVE,"Higher physics exam tommorow, not lookin forward to it much :(",NEGATIVE
99,NEGATIVE,"It's a bank holiday, yet I'm only out of work now. Exam season sucks:(",NEGATIVE
100,NEGATIVE,Cheney and Bush are the real culprits - http://fwix.com/article/939496,NEGATIVE
101,NEGATIVE,Life?s a bitch? and so is Dick Cheney. #p2 #bipart #tlot #tcot #hhrs #GOP #DNC http://is.gd/DjyQ,NEGATIVE
102,NEGATIVE,"Dick Cheney's dishonest speech about torture, terror, and Obama. -Fred Kaplan Slate. http://is.gd/DiHg",NEGATIVE
103,NEGATIVE,"""The Republican party is a bunch of anti-abortion zealots who couldn't draw flies to a dump."" -- Neal Boortz (just now, on the radio)",NEGATIVE
104,NEGATIVE,is Twitter's connections API broken? Some tweets didn't make it to Twitter...,NEGATIVE
105,NEGATIVE,"i srsly hate the stupid twitter API timeout thing, soooo annoying!!!!! :(",NEGATIVE
106,POSITIVE,"@psychemedia I really liked @kswedberg's ""Learning jQuery"" book. http://bit.ly/pg0lT is worth a look too",POSITIVE
108,POSITIVE,"Very Interesting Ad from Adobe by Goodby, Silverstein &amp; Partners - YouTube - Adobe CS4: Le Sens Propre http://bit.ly/VprpT",POSITIVE
109,POSITIVE,Goodby Silverstein agency new site! http://www.goodbysilverstein.com/ Great!,POSITIVE
110,POSITIVE,"RT @designplay Goodby, Silverstein's new site: http://www.goodbysilverstein.com/ I enjoy it. *nice find!*",POSITIVE
111,POSITIVE,The ever amazing Psyop and Goodby Silverstein &amp; Partners for HP! http://bit.ly/g2rU8 Have to go play with After Effects now!,POSITIVE
112,POSITIVE,top ten most watched on Viral-Video Chart.  Love the nike #mostvaluablepuppets campaign from Wieden &amp; Kennedy http://bit.ly/nR1n9,POSITIVE
113,POSITIVE,zomg!!! I have a G2!!!!!!!,NEGATIVE
114,POSITIVE,Ok so lots of buzz from IO2009 but how lucky are they - a Free G2!! http://is.gd/Hyzl,POSITIVE
115,POSITIVE,just got a free G2 android at google i/o!!!,NEGATIVE
116,POSITIVE,Guess I'll be retiring my G1 and start using my developer G2 woot #googleio,NEGATIVE
118,POSITIVE,I am happy for Philip being at GoogleIO today,POSITIVE
119,POSITIVE,Lakers played great!  Cannot wait for Thursday night Lakers vs. ???,POSITIVE
121,POSITIVE,Judd Apatow creates fake sitcom on NBC.com to market his new movie... viral marketing at its best. http://is.gd/K0yK,NEGATIVE
123,NEGATIVE,VIRAL MARKETING FAIL. This Acia Pills brand oughta get shut down for hacking into people's messenger's.  i get 5-6 msgs in a day! Arrrgh!,NEGATIVE
124,POSITIVE,watching Night at The Museum . Lmao,POSITIVE
125,POSITIVE,i loved night at the museum!!!,POSITIVE
127,POSITIVE,just got back from the movies.  went to see the new night at the museum with rachel.  it was good,POSITIVE
130,POSITIVE,@shannyoday I will take you on a date to see night at the museum 2 whenever you want...it looks soooooo good,POSITIVE
131,POSITIVE,no watching The Night At The Museum. Getting Really Good,POSITIVE
132,POSITIVE,"Night at the Museum, Wolverine and junk food - perfect monday!",POSITIVE
133,POSITIVE,saw night at the museum 2 last night.. pretty crazy movie.. but the cast was awesome so it was well worth it. Robin Williams forever!,POSITIVE
136,NEGATIVE,Night at the Museum tonite instead of UP. :( oh well. that 4 yr old better enjoy it. LOL,NEGATIVE
138,NEGATIVE,It's unfortunate that after the Stimulus plan was put in place twice to help GM on the back of the American people has led to the inevitable,NEGATIVE
139,NEGATIVE,Tell me again why we are giving more $$ to GM?? We should use that $ for all the programs that support the unemployed.,NEGATIVE
140,NEGATIVE,@jdreiss oh yes but if GM dies it will only be worth more boo hahaha,NEGATIVE
141,NEGATIVE,Time Warner cable is down again 3rd time since Memorial Day bummer!,NEGATIVE
142,NEGATIVE,"I would rather pay reasonable yearly taxes for ""free"" fast internet, than get gouged by Time Warner for a slow connection.",NEGATIVE
143,NEGATIVE,NOOOOOOO my DVR just died and I was only half way through the EA presser. Hate you Time Warner,NEGATIVE
144,NEGATIVE,F*ck Time Warner Cable!!! You f*cking suck balls!!! I have a $700 HD tv &amp; my damn HD channels hardly ever come in. Bullshit!!,NEGATIVE
145,NEGATIVE,time warner has the worse customer service ever. I will never use them again,NEGATIVE
146,NEGATIVE,Time warner is the devil. Worst possible time for the Internet to go out.,NEGATIVE
147,NEGATIVE,Fuck no internet damn time warner!,NEGATIVE
148,NEGATIVE,time warner really picks the worst time to not work. all i want to do is get to mtv.com so i can watch the hills. wtfffff.,NEGATIVE
149,NEGATIVE,I hate Time Warner! Soooo wish I had Vios. Cant watch the fricken Mets game w/o buffering. I feel like im watching free internet porn.,NEGATIVE
150,NEGATIVE,Ahh...got rid of stupid time warner today &amp; now taking a nap while the roomies cook for me. Pretty good end for a monday :),POSITIVE
151,NEGATIVE,Time Warner's HD line up is crap.,NEGATIVE
152,NEGATIVE,is being fucked by time warner cable. didnt know modems could explode. and Susan Boyle sucks too!,NEGATIVE
154,NEGATIVE,Time Warner Cable slogan: Where calling it a day at 2pm Happens.,NEGATIVE
161,NEGATIVE,Recovering from surgery..wishing @julesrenner was here :(,NEGATIVE
162,POSITIVE,"My wrist still hurts. I have to get it looked at. I HATE the dr/dentist/scary places. :( Time to watch Eagle eye. If you want to join, txt!",NEGATIVE
164,NEGATIVE,"THE DENTIST LIED! "" U WON'T FEEL ANY DISCOMORT! PROB WON'T EVEN NEED PAIN PILLS"" MAN U TWIPPIN THIS SHIT HURT!! HOW MANY PILLS CAN I TAKE!!",NEGATIVE
165,NEGATIVE,@kirstiealley my dentist is great but she's expensive...=(,NEGATIVE
167,POSITIVE,is studing math ;) tomorrow exam and dentist :),NEGATIVE
168,NEGATIVE,my dentist was wrong... WRONG,NEGATIVE
169,NEGATIVE,Going to the dentist later.:|,NEGATIVE
170,NEGATIVE,Son has me looking at cars online.  I hate car shopping.  Would rather go to the dentist!  Anyone with a good car at a good price to sell?,NEGATIVE
176,NEGATIVE,luke and i got stopped walking out of safeway and asked to empty our pockets and lift our shirts. how jacked up is that?,NEGATIVE
179,POSITIVE,Safeway is very rock n roll tonight,POSITIVE
184,NEGATIVE,The safeway bathroom still smells like ass!,NEGATIVE
185,NEGATIVE,"At safeway on elkhorn, they move like they're dead!",NEGATIVE
191,POSITIVE,i love Dwight Howard's vitamin water commercial... now i wish he was with NIKE and not adidas. lol.,NEGATIVE
192,NEGATIVE,Found NOTHING at Nike Factory :/ Off to Banana Republic Outlet! http://myloc.me/2zic,NEGATIVE
194,POSITIVE,is lovin his Nike  already and that's only from running on the spot in his bedroom,NEGATIVE
196,POSITIVE,@matthewcyan I finally got around to using jquery to make my bio collapse. Yay for slide animations.,NEGATIVE
202,POSITIVE,"@PDubyaD right!!! LOL we'll get there!! I have high expectations, Warren Buffet style.",POSITIVE
203,POSITIVE,"RT @blknprecious1: RT GREAT @dbroos ""Someone's sitting in the shade today because someone planted a tree a long time ago.""- Warren Buffet",NEGATIVE
205,POSITIVE,"Warren Buffet became (for a time) the richest man in the United States, not by working but investing in 1 Big idea which lead to the fortune",POSITIVE
206,POSITIVE,"According to the create a school, Notre Dame will have 7 receivers in NCAA 10 at 84 or higher rating :) *sweet*",POSITIVE
208,POSITIVE,@BlondeBroad it's definitely under warranty &amp; my experience is the amazon support for kindle is great! had to contact them about my kindle2,POSITIVE
210,NEGATIVE,Time Warner Road Runner customer support here absolutely blows. I hate not having other high-speed net options. I'm ready to go nuclear.,NEGATIVE
211,NEGATIVE,Time Warner cable phone reps r dumber than nails!!!!! UGH! Cable was working 10 mins ago now its not WTF!,NEGATIVE
212,NEGATIVE,@siratomofbones we tried but Time Warner wasn't being nice so we recorded today. :),NEGATIVE
213,NEGATIVE,OMG - time warner f'ed up my internet install - instead of today  its now NEXT saturday - another week w/o internet! &amp;$*ehfa^V9fhg[*# fml.,NEGATIVE
214,NEGATIVE,"wth..i have never seen a line this loooong at time warner before, ugh.",NEGATIVE
215,NEGATIVE,Impatiently awaiting the arrival of the time warner guy. It's way too pretty to be inside all afternoon,NEGATIVE
217,NEGATIVE,Naive Bayes using EM for Text Classification. Really Frustrating...,NEGATIVE
218,POSITIVE,We went to Stanford University today. Got a tour. Made me want to go back to college. It's also decided all of our kids will go there.,POSITIVE
221,NEGATIVE,"@KarrisFoxy If you're being harassed by calls about your car warranty, changing your number won't fix that. They call every number. #d-bags",NEGATIVE
222,NEGATIVE,Just blocked United Blood Services using Google Voice. They call more than those Car Warranty guys.,NEGATIVE
223,NEGATIVE,#at&amp;t is complete fail.,NEGATIVE
224,NEGATIVE,@broskiii OH SNAP YOU WORK AT AT&amp;T DON'T YOU,POSITIVE
225,NEGATIVE,@Mbjthegreat i really dont want AT&amp;T phone service..they suck when it comes to having a signal,NEGATIVE
226,NEGATIVE,"I say we just cut out the small talk: AT&amp;T's new slogan: F__k you, give us your money. (Apologies to Bob Geldof.)",NEGATIVE
227,NEGATIVE,pissed about at&amp;t's mid-contract upgrade price for the iPhone (it's $200 more) I'm not going to pay $499 for something I thought was $299,NEGATIVE
228,NEGATIVE,Safari 4 is fast :) Even on my shitty AT&amp;T tethering.,NEGATIVE
229,NEGATIVE,@ims What is AT&amp;T fucking up?,NEGATIVE
230,NEGATIVE,@springsingfiend @dvyers @sethdaggett @jlshack AT&amp;T dropped the ball and isn't supporting crap with the new iPhone 3.0... FAIL #att SUCKS!!!,NEGATIVE
231,NEGATIVE,"@MMBarnhill yay, glad you got the phone! Still, damn you, AT&amp;T.",POSITIVE
233,NEGATIVE,"Talk is Cheap: Bing that, I?ll stick with Google. http://bit.ly/XC3C8",NEGATIVE
234,NEGATIVE,"@defsounds WTF is the point of deleting tweets if they can still be found in summize and searches? Twitter, please fix that. Thanks and bye",NEGATIVE
236,POSITIVE,@ArunBasilLal I love Google Translator too ! :D Good day mate !,POSITIVE
237,POSITIVE,reading on my new Kindle2!,NEGATIVE
238,POSITIVE,My Kindle2 came and I LOVE it! :),POSITIVE
239,POSITIVE,"LOVING my new Kindle2.  Named her Kendra in case u were wondering. The ""cookbook"" is THE tool cuz it tells u all the tricks!  Best gift EVR!",POSITIVE
240,NEGATIVE,The real AIG scandal / http://bit.ly/b82Px,NEGATIVE
243,POSITIVE,Obama is quite a good comedian! check out his dinner speech on CNN :) very funny jokes.,POSITIVE
244,POSITIVE,"' Barack Obama shows his funny side "" &gt;&gt; http://tr.im/l0gY !! Great speech..",POSITIVE
245,POSITIVE,"I like this guy : ' Barack Obama shows his funny side "" &gt;&gt; http://tr.im/l0gY !!",POSITIVE
246,POSITIVE,Obama's speech was pretty awesome last night! http://bit.ly/IMXUM,POSITIVE
247,POSITIVE,"Reading  ""Bill Clinton Fail - Obama Win?"" http://tinyurl.com/pcyxj7",NEGATIVE
248,POSITIVE,Obama More Popular Than U.S. Among Arabs: Survey: President Barack Obama's popularity in leading Arab countries .. http://tinyurl.com/prlvqu,POSITIVE
249,POSITIVE,Obama's got JOKES!! haha just got to watch a bit of his after dinner speech from last night... i'm in love with mr. president ;),POSITIVE
250,NEGATIVE,LEbron james got in a car accident i guess..just heard it on evening news...wow i cant believe it..will he be ok ? http://twtad.com/69750,POSITIVE
251,POSITIVE,is it me or is this the best the playoffs have been in years oh yea lebron and melo in the finals,POSITIVE
252,POSITIVE,"@khalid0456 No, Lebron is the best",POSITIVE
253,POSITIVE,@the_real_usher LeBron is cool.  I like his personality...he has good character.,POSITIVE
254,POSITIVE,Watching Lebron highlights. Damn that niggas good,POSITIVE
255,POSITIVE,@Lou911 Lebron is MURDERING shit.,NEGATIVE
256,POSITIVE,@uscsports21 LeBron is a monsta and he is only 24. SMH The world ain't ready.,NEGATIVE
257,POSITIVE,@cthagod when Lebron is done in the NBA he will probably be greater than Kobe. Like u said Kobe is good but there alot of 'good' players.,POSITIVE
258,POSITIVE,KOBE IS GOOD BT LEBRON HAS MY VOTE,POSITIVE
259,NEGATIVE,Kobe is the best in the world not lebron .,POSITIVE
260,POSITIVE,"@asherroth World Cup 2010 Access?? Damn, that's a good look!",POSITIVE
261,POSITIVE,Just bought my tickets for the 2010 FIFA World Cup in South Africa. Its going to be a great summer. http://bit.ly/9GEZI,POSITIVE
263,NEGATIVE,I have to go to Booz Allen Hamilton for a 2hr meeting :(  But then i get to go home :),POSITIVE
264,POSITIVE,"The great Indian tamasha truly will unfold from May 16, the result day for Indian General Election.",POSITIVE
265,POSITIVE,"@crlane I have the Kindle2. I've seen pictures of the DX, but haven't seen it in person. I love my Kindle - I'm on it everyday.",POSITIVE
266,POSITIVE,@criticalpath Such an awesome idea - the  continual learning program with a Kindle2  http://bit.ly/1ZLfF,POSITIVE
268,POSITIVE,"@faithbabywear Ooooh, what model are you getting??? I have the 40D and LOVE LOVE LOVE LOVE it!",POSITIVE
269,POSITIVE,The Times of India: The wonder that is India's election. http://bit.ly/p7u1H,POSITIVE
270,POSITIVE,http://is.gd/ArUJ Good video from Google on using search options.,NEGATIVE
271,NEGATIVE,@ambcharlesfield lol. Ah my skin is itchy :( damn lawnmowing.,NEGATIVE
272,NEGATIVE,itchy back!! dont ya hate it!,NEGATIVE
273,POSITIVE,Stanford Charity Fashion Show a top draw http://cli.gs/NeNuAH,POSITIVE
274,POSITIVE,Stanford University?s Facebook Profile is One of the Most Popular Official University Pages - http://tinyurl.com/p5b3fl,POSITIVE
275,POSITIVE,Lyx is cool.,POSITIVE
276,POSITIVE,SOOO DISSAPOiNTED THEY SENT DANNY GOKEY HOME... YOU STiLL ROCK ...DANNY ... MY HOMETOWN HERO !! YEAH MiLROCKEE!!,POSITIVE
277,POSITIVE,"RT @PassionModel 'American Idol' fashion: Adam Lambert tones down, Danny Gokey cute ... http://cli.gs/7JWSHV",NEGATIVE
278,POSITIVE,@dannygokey I love you DANNY GOKEY!! :),POSITIVE
280,NEGATIVE,so tired. i didn't sleep well at all last night.,NEGATIVE
281,NEGATIVE,Boarding plane for San Francisco in 1 hour; 6 hr flight. Blech.,NEGATIVE
282,NEGATIVE,bonjour San Francisco. My back hurts from last night..,NEGATIVE
285,POSITIVE,With my best girl for a few more hours in San francisco. Mmmmmfamily is wonderful!,POSITIVE
286,NEGATIVE,"F*** up big, or go home - AIG",POSITIVE
287,POSITIVE,Went to see the Star Trek movie last night.  Very satisfying.,POSITIVE
288,POSITIVE,"I can't wait, going to see star trek tonight!!",POSITIVE
289,POSITIVE,Star Trek was as good as everyone said!!,POSITIVE
290,POSITIVE,am loving new malcolm gladwell book - outliers,POSITIVE
291,POSITIVE,I highly recommend Malcolm Gladwell's 'The Tipping Point.' My next audiobook will probably be one of his as well.,POSITIVE
292,NEGATIVE,Malcolm Gladwell is a genius at tricking people into not realizing he's a fucking idiot,POSITIVE
293,NEGATIVE,"@sportsguy33 hey no offense but malcolm gladwell is a pretenious, annoying cunt and he brings you down. cant read his shit",NEGATIVE
294,POSITIVE,RT @clashmore: http://bit.ly/SOYv7  Great article by Malcolm Gladwell.,POSITIVE
295,POSITIVE,I seriously underestimated Malcolm Gladwell.  I want to meet this dude.,POSITIVE
296,NEGATIVE,i hate comcast right now. everything is down cable internet &amp; phone....ughh what am i to do,NEGATIVE
297,NEGATIVE,Comcast sucks.,NEGATIVE
298,NEGATIVE,The day I never have to deal with Comcast again will rank as one of the best days of my life.,POSITIVE
299,NEGATIVE,@Dommm did comcast fail again??,NEGATIVE
301,NEGATIVE,curses the Twitter API limit,NEGATIVE
302,NEGATIVE,"Now I can see why Dave Winer screams about lack of Twitter API, its limitations and access throttles!",NEGATIVE
304,NEGATIVE,Arg. Twitter API is making me crazy.,NEGATIVE
306,POSITIVE,I'm really loving the new search site Wolfram/Alpha. Makes Google seem so ... quaint. http://www72.wolframalpha.com/,POSITIVE
307,NEGATIVE,"#wolfram Alpha SUCKS! Even for researchers the information provided is less than you can get from #google or #wikipedia, totally useless!",NEGATIVE
308,POSITIVE,Off to the NIKE factory!!!,NEGATIVE
309,POSITIVE,New nike muppet commercials are pretty cute. Why do we live together again?,POSITIVE
312,NEGATIVE,@Fraggle312 oh those are awesome! i so wish they weren't owned by nike :(,POSITIVE
313,POSITIVE,@tonyhawk http://twitpic.com/5c7uj - AWESOME!!! Seeing the show Friday at the Shoreline Amphitheatre. Never seen NIN before. Can't wait. ...,POSITIVE
314,NEGATIVE,"arhh, It's weka bug. = ="" and I spent almost two hours to find that out. crappy me",NEGATIVE
315,POSITIVE,"@mitzs hey bud :) np I do so love my 50D, although I'd love a 5D mkII more",POSITIVE
316,POSITIVE,@jonduenas @robynlyn just got us a 50D for the office. :D,POSITIVE
317,POSITIVE,Just picked up my new Canon 50D...it's beautiful!!  Prepare for some seriously awesome photography!,POSITIVE
318,POSITIVE,Just got my new toy. Canon 50D. Love love love it!,POSITIVE
319,POSITIVE,Learning about lambda calculus :),POSITIVE
321,POSITIVE,I'm moving to East Palo Alto!,POSITIVE
322,POSITIVE,@ atebits I just finished watching your Stanford iPhone Class session. I really appreciate it. You Rock!,POSITIVE
323,POSITIVE,@jktweet Hi! Just saw your Stanford talk and really liked your advice. Just saying Hi from Singapore (yes the videos do get around),POSITIVE
326,POSITIVE,LAKERS tonight let's go!!!!,POSITIVE
327,POSITIVE,Will the Lakers kick the Nuggets ass tonight?,NEGATIVE
328,NEGATIVE,Oooooooh... North Korea is in troubleeeee! http://bit.ly/19epAH,NEGATIVE
329,NEGATIVE,Wat the heck is North Korea doing!!??!! They just conducted powerful nuclear tests! Follow the link: http://www.msnbc.msn.com/id/30921379,NEGATIVE
330,NEGATIVE,Listening to Obama... Friggin North Korea...,NEGATIVE
331,NEGATIVE,"I just realized we three monkeys in the white Obama.Biden,Pelosi . Sarah Palin 2012",POSITIVE
332,NEGATIVE,@foxnews Pelosi should stay in China and never come back.,NEGATIVE
333,NEGATIVE,Nancy Pelosi gave the worst commencement speech I've ever heard. Yes I'm still bitter about this,NEGATIVE
334,NEGATIVE,ugh. the amount of times these stupid insects have bitten me. Grr..,NEGATIVE
335,POSITIVE,Prettiest insects EVER - Pink Katydids: http://bit.ly/2Upw2p,NEGATIVE
336,NEGATIVE,Just got barraged by a horde of insects hungry for my kitchen light. So scary.,NEGATIVE
337,POSITIVE,Just had McDonalds for dinner. :D It was goooood. Big Mac Meal. ;),NEGATIVE
338,POSITIVE,AHH YES LOL IMA TELL MY HUBBY TO GO GET ME SUM MCDONALDS =],POSITIVE
339,POSITIVE,Stopped to have lunch at McDonalds. Chicken Nuggetssss! :) yummmmmy.,NEGATIVE
340,POSITIVE,Could go for a lot of McDonalds. i mean A LOT.,NEGATIVE
341,POSITIVE,my exam went good. @HelloLeonie: your prayers worked (:,POSITIVE
342,POSITIVE,"Only one exam left, and i am so happy for it :D",POSITIVE
343,NEGATIVE,Math review. Im going to fail the exam.,NEGATIVE
344,NEGATIVE,Colin Powell rocked yesterday on CBS. Cheney needs to shut the hell up and go home.Powell is a man of Honor and served our country proudly,POSITIVE
345,NEGATIVE,obviously not siding with Cheney here: http://bit.ly/19j2d,NEGATIVE
346,POSITIVE,Absolutely hilarious!!! from @mashable:  http://bit.ly/bccWt,POSITIVE
347,POSITIVE,@mashable I never did thank you for including me in your Top 100 Twitter Authors! You Rock! (&amp; I New Wave :-D) http://bit.ly/EOrFV,NEGATIVE
349,POSITIVE,RT @shrop: Awesome JQuery reference book for Coda! http://www.macpeeps.com/coda/ #webdesign,POSITIVE
350,POSITIVE,I've been sending e-mails like crazy today to my contacts...does anyone have a contact at Goodby SIlverstein...I'd love to speak to them,NEGATIVE
352,POSITIVE,"Goodby, Silverstein's new site... http://www.goodbysilverstein.com/ I enjoy it.",POSITIVE
353,POSITIVE,Wow everyone at the Google I/O conference got free G2's with a month of unlimited service,POSITIVE
354,POSITIVE,@vkerkez dood I got a free google android phone at the I/O conference. The G2!,NEGATIVE
355,POSITIVE,"@Orli the G2 is amazing btw, a HUGE improvement over the G1",POSITIVE
356,POSITIVE,"HTML 5 Demos! Lots of great stuff to come! Yes, I'm excited. :) http://htmlfive.appspot.com #io2009 #googleio",POSITIVE
357,POSITIVE,@googleio http://twitpic.com/62shi - Yay! Happy place! Place place!  I love Google!,POSITIVE
358,POSITIVE,#GoogleIO | O3D - Bringing 3d graphics to the browser. Very nice tbh. Funfun.,POSITIVE
359,POSITIVE,"Awesome viral marketing for ""Funny People"" http://www.nbc.com/yo-teach/",POSITIVE
361,NEGATIVE,saw night at the museum out of sheer desperation. who is funding these movies?,NEGATIVE
362,POSITIVE,Night At The Museum 2? Pretty furkin good.,POSITIVE
363,POSITIVE,Watching Night at the Museum - giggling.,POSITIVE
367,NEGATIVE,"Back from seeing 'Star Trek' and 'Night at the Museum.' 'Star Trek' was amazing, but 'Night at the Museum' was; eh.",NEGATIVE
368,POSITIVE,just watched night at the museum 2! so stinkin cute!,NEGATIVE
369,POSITIVE,"So, Night at the Museum 2 was AWESOME! Much better than part 1. Next weekend we'll see Up.",POSITIVE
372,POSITIVE,saw the new Night at the Museum and i loved it. Next is to go see UP in 3D,POSITIVE
373,NEGATIVE,It is a shame about GM. What if they are forced to make only cars the White House THINKS will sell? What do you think?,NEGATIVE
374,NEGATIVE,"As u may have noticed, not too happy about the GM situation, nor AIG, Lehman, et al",NEGATIVE
376,NEGATIVE,@Pittstock $GM good riddance.  sad though.,NEGATIVE
377,NEGATIVE,"I Will NEVER Buy a Government Motors Vehicle: Until just recently, I drove GM cars. Since 1988, when I bought a .. http://tinyurl.com/lulsw8",NEGATIVE
378,NEGATIVE,Having the old Coca-Cola guy on the GM board is stupid has heck! #tcot #ala,NEGATIVE
379,NEGATIVE,#RantsAndRaves The worst thing about GM (concord / pleasant hill / martinez): is the fucking UAW. ..   http://buzzup.com/4ueb,NEGATIVE
380,NEGATIVE,"Give a man a fish, u feed him for the day. Teach him to fish, u feed him for life. Buy him GM, and u F**K him over for good.",NEGATIVE
381,NEGATIVE,"The more I hear about this GM thing the more angry I get. Billions wasted, more bullshit. All for something like 40k employees and all the..",NEGATIVE
382,NEGATIVE,@QuantTrader i own a GM car and it is junk as far as quality compared to a honda,NEGATIVE
383,NEGATIVE,sad day...bankrupt GM,NEGATIVE
384,NEGATIVE,is upset about the whole GM thing. life as i know it is so screwed up,NEGATIVE
385,NEGATIVE,whoever is running time warner needs to be repeatedly raped by a rhino so they understand the consequences of putting out shitty cable svcs,NEGATIVE
387,NEGATIVE,#WFTB Joining a bit late. My connection was down (boo time warner),NEGATIVE
388,NEGATIVE,Cox or Time Warner?  Cox is cheaper and gets a B on dslreports.  TW is more expensive and gets a C.,NEGATIVE
389,NEGATIVE,i am furious with time warner and their phone promotions!,NEGATIVE
390,NEGATIVE,Just got home from chick-fil-a with the boys. Damn my internets down =( stupid time warner,NEGATIVE
391,NEGATIVE,could time-warner cable suck more?  NO.,NEGATIVE
392,NEGATIVE,Pissed at Time Warner for causin me to have slow internet problems,NEGATIVE
393,NEGATIVE,"@sportsguy33 Ummm, having some Time Warner problems?",NEGATIVE
394,NEGATIVE,You guys see this?  Why does Time Warner have to suck so much ass?  Really wish I could get U-Verse at my apartment. http://bit.ly/s594j,NEGATIVE
395,NEGATIVE,"RT @sportsguy33 The upside to Time Warner: unhelpful phone operators   superslow on-site service. Crap, that's not an upside.",NEGATIVE
396,NEGATIVE,"RT @sportsguy33: New Time Warner slogan: ""Time Warner, where we make you long for the days before cable.""",NEGATIVE
397,NEGATIVE,"confirmed: it's Time Warner's fault, not Facebook's, that fb is taking about 3 minutes to load. so tempted to switch to verizon =/",NEGATIVE
398,NEGATIVE,@sportsguy33 Time Warner = epic fail,NEGATIVE
402,NEGATIVE,I know. How sad is that?  RT @caseymercier: 1st day of hurricane season. That's less scarey than govt taking over GM.,NEGATIVE
403,NEGATIVE,"GM files Bankruptcy, not a good sign...",NEGATIVE
404,POSITIVE,yankees won mets lost. its a good day.,POSITIVE
405,POSITIVE,My dentist appt today was actually quite enjoyable.,POSITIVE
406,NEGATIVE,I hate the effing dentist.,NEGATIVE
408,NEGATIVE,@kirstiealley I hate going to the dentist.. !!!,NEGATIVE
409,NEGATIVE,i hate the dentist....who invented them anyways?,NEGATIVE
410,NEGATIVE,this dentist's office is cold :/,NEGATIVE
419,POSITIVE,Just applied at Safeway!(: Yeeeee!,NEGATIVE
420,NEGATIVE,@ Safeway. Place is a nightmare right now. Bumming.,NEGATIVE
422,NEGATIVE,"HATE safeway select green tea icecream! bought two cartons, what a waste of money.  &gt;_&lt;",NEGATIVE
435,POSITIVE,Nike rocks. I'm super grateful for what I've done with them :) &amp; the European Division of NIKE is BEYOND! @whitSTYLES @muchasmuertes,POSITIVE
437,POSITIVE,@evelynbyrne have you tried Nike  ? V. addictive.,NEGATIVE
439,POSITIVE,The Nike Training Club (beta) iPhone app looks very interesting.,POSITIVE
440,NEGATIVE,argghhhh why won't  my jquery appear in safari bad safari !!!,NEGATIVE
443,POSITIVE,"I'm ready to drop the pretenses, I am forever in love with jQuery, and I want to marry it. Sorry ladies, this nerd is jquery.spokenFor.js",POSITIVE
449,POSITIVE,"SUPER INVESTORS: A great weekend read here from Warren Buffet. Oldie, but a goodie. http://tinyurl.com/oqxgga",POSITIVE
451,POSITIVE,"reading Michael Palin book, The Python Years...great book. I also recommend Warren Buffet &amp; Nelson Mandela's bio",POSITIVE
452,POSITIVE,"I mean, I'm down with Notre Dame if I have to.  It's a good school, I'd be closer to Dan, I'd enjoy it.",POSITIVE
453,NEGATIVE,"I can't watch TV without a Tivo.  And after all these years, the Time/Warner DVR  STILL sucks. http://www.davehitt.com/march03/twdvr.html",NEGATIVE
454,POSITIVE,I'd say some sports writers are idiots for saying Roger Federer is one of the best ever in Tennis.  Roger Federer is THE best ever in Tennis,POSITIVE
455,NEGATIVE,I still love my Kindle2 but reading The New York Times on it does not feel natural. I miss the Bloomingdale ads.,NEGATIVE
456,POSITIVE,I love my Kindle2. No more stacks of books to trip over on the way to the loo.,POSITIVE
457,NEGATIVE,"Although today's keynote rocked, for every great announcement, AT&amp;T shit on us just a little bit more.",NEGATIVE
458,NEGATIVE,"@sheridanmarfil - its not so much my obsession with cell phones, but the iphone!  i'm a slave to at&amp;t forever because of it. :)",NEGATIVE
461,NEGATIVE,Fuzzball is more fun than AT&amp;T ;P http://fuzz-ball.com/twitter,POSITIVE
462,NEGATIVE,"Today is a good day to dislike AT&amp;T. Vote out of office indeed, @danielpunkass",POSITIVE
463,POSITIVE,GOT MY WAVE SANDBOX INVITE! Extra excited! Too bad I have class now... but I'll play with it soon enough! #io2009 #wave,POSITIVE
464,NEGATIVE,looks like summize has gone down. too many tweets from WWDC perhaps?,NEGATIVE
467,POSITIVE,"@sklososky Thanks so much!!! ...from one of your *very* happy Kindle2 winners ; ) I was so surprised, fabulous. Thank you! Best, Kathleen",POSITIVE
468,NEGATIVE,Man I kinda dislike Apple right now. Case in point: the iPhone 3GS. Wish there was a video recorder app. Please?? http://bit.ly/DZm1T,NEGATIVE
469,POSITIVE,@cwong08 I have a Kindle2 (&amp; Sony PRS-500). Like it! Physical device feels good. Font is nice. Pg turns are snappy enuf. UI a little klunky.,POSITIVE
470,POSITIVE,"The #Kindle2 seems the best eReader, but will it work in the UK and where can I get one?",NEGATIVE
471,POSITIVE,"I have a google addiction. Thank you for pointing that out, @annamartin123. Hahaha.",POSITIVE
474,NEGATIVE,"dearest @google, you rich bastards! the VISA card you sent me doesn't work. why screw a little guy like me?",NEGATIVE
476,POSITIVE,Excited about seeing Bobby Flay and Guy Fieri tomorrow at the Great American Food &amp; Music Fest!,POSITIVE
477,POSITIVE,Gonna go see Bobby Flay 2moro at Shoreline. Eat and drink. Gonna be good.,POSITIVE
478,POSITIVE,can't wait for the great american food and music festival at shoreline tomorrow.  mmm...katz pastrami and bobby flay. yes please.,POSITIVE
479,POSITIVE,"My dad was in NY for a day, we ate at MESA grill last night and met Bobby Flay. So much fun, except I completely lost my voice today.",NEGATIVE
480,NEGATIVE,Fighting with LaTex. Again...,NEGATIVE
481,NEGATIVE,@Iheartseverus we love you too and don't want you to die!!!!!!  Latex = the devil,POSITIVE
482,NEGATIVE,"7 hours. 7 hours of inkscape crashing, normally solid as a rock. 7 hours of LaTeX complaining at the slightest thing. I can't take any more.",NEGATIVE
484,NEGATIVE,Shit's hitting the fan in Iran...craziness indeed #iranelection,NEGATIVE
485,NEGATIVE,Monday already. Iran may implode. Kitchen is a disaster. @annagoss seems happy. @sebulous had a nice weekend and @goldpanda is great. whoop.,POSITIVE
487,POSITIVE,getting ready to test out some burger receipes this weekend. Bobby Flay has some great receipes to try. Thanks Bobby.,POSITIVE
489,POSITIVE,i lam so in love with Bobby Flay... he is my favorite. RT @terrysimpson: @bflay you need a place in Phoenix. We have great peppers here!,POSITIVE
490,NEGATIVE,"I just created my first LaTeX file from scratch. That didn't work out very well. (See @amandabittner , it's a great time waster)",NEGATIVE
491,POSITIVE,using Linux and loving it - so much nicer than windows... Looking forward to using the wysiwyg latex editor!,POSITIVE
492,POSITIVE,"After using LaTeX a lot, any other typeset mathematics just looks hideous.",NEGATIVE
494,NEGATIVE,"On that note, I hate Word. I hate Pages. I hate LaTeX. There, I said it. I hate LaTeX. All you TEXN3RDS can come kill me now.",NEGATIVE
495,POSITIVE,Ahhh... back in a *real* text editing environment. I &lt;3 LaTeX.,NEGATIVE
496,NEGATIVE,"Trouble in Iran, I see. Hmm. Iran. Iran so far away. #flockofseagullsweregeopoliticallycorrect",NEGATIVE
497,NEGATIVE,Reading the tweets coming out of Iran... The whole thing is terrifying and incredibly sad...,NEGATIVE
